Trade Time,Volume,Price
5/1/2017 9:30:00 AM,134137,903.99
5/1/2017 9:30:00 AM,151603,904.80
5/1/2017 9:30:00 AM,158034,903.72
5/1/2017 9:30:00 AM,167631,901.99
5/1/2017 9:31:00 AM,172715,902.435
5/1/2017 9:31:00 AM,175664,902.05
5/1/2017 9:31:00 AM,177512,901.96
5/1/2017 9:31:00 AM,180987,902.50
5/1/2017 9:32:00 AM,185126,902.439
5/1/2017 9:32:00 AM,194652,904.00
5/1/2017 9:32:00 AM,205717,904.41
5/1/2017 9:32:00 AM,209429,904.6592
5/1/2017 9:33:00 AM,210689,904.855
5/1/2017 9:33:00 AM,215750,903.905
5/1/2017 9:33:00 AM,216586,903.505
5/1/2017 9:33:00 AM,218110,903.24
5/1/2017 9:34:00 AM,222965,902.93
5/1/2017 9:34:00 AM,225255,902.66
5/1/2017 9:34:00 AM,233967,903.8284
5/1/2017 9:34:00 AM,235548,903.71
5/1/2017 9:35:00 AM,237213,903.62
5/1/2017 9:35:00 AM,239191,903.91
5/1/2017 9:35:00 AM,242687,903.745
5/1/2017 9:35:00 AM,247068,903.50
5/1/2017 9:36:00 AM,249474,903.06
5/1/2017 9:36:00 AM,252901,902.58
5/1/2017 9:36:00 AM,255330,903.39
5/1/2017 9:36:00 AM,257388,903.0508
5/1/2017 9:37:00 AM,260412,903.16
5/1/2017 9:37:00 AM,262043,903.18
5/1/2017 9:37:00 AM,265169,903.33
5/1/2017 9:37:00 AM,269132,903.5603
5/1/2017 9:38:00 AM,272631,903.25
5/1/2017 9:38:00 AM,277531,903.5974
5/1/2017 9:38:00 AM,279742,904.00
5/1/2017 9:38:00 AM,280558,903.73
5/1/2017 9:39:00 AM,283511,903.678
5/1/2017 9:39:00 AM,286130,903.24
5/1/2017 9:39:00 AM,286988,903.35
5/1/2017 9:39:00 AM,287391,903.2275
5/1/2017 9:40:00 AM,292248,904.242
5/1/2017 9:40:00 AM,296225,904.263
5/1/2017 9:40:00 AM,301098,904.80
5/1/2017 9:40:00 AM,303652,904.81
5/1/2017 9:41:00 AM,309879,905.175
5/1/2017 9:41:00 AM,313293,905.3497
5/1/2017 9:41:00 AM,317703,904.90
5/1/2017 9:41:00 AM,321508,904.75
5/1/2017 9:42:00 AM,325045,905.13
5/1/2017 9:42:00 AM,326977,905.64
5/1/2017 9:42:00 AM,328470,905.8103
5/1/2017 9:42:00 AM,340620,906.10
5/1/2017 9:43:00 AM,343224,906.065
5/1/2017 9:43:00 AM,345505,906.366
5/1/2017 9:43:00 AM,348107,906.4389
5/1/2017 9:43:00 AM,350239,906.88
5/1/2017 9:44:00 AM,353067,906.36
5/1/2017 9:44:00 AM,358651,906.32
5/1/2017 9:44:00 AM,360116,906.41
5/1/2017 9:44:00 AM,362138,906.50
5/1/2017 9:45:00 AM,368057,906.995
5/1/2017 9:45:00 AM,370759,907.3419
5/1/2017 9:45:00 AM,372282,907.48
5/1/2017 9:45:00 AM,375941,907.5297
5/1/2017 9:46:00 AM,377044,907.544
5/1/2017 9:46:00 AM,378825,907.80
5/1/2017 9:46:00 AM,388760,908.35
5/1/2017 9:47:00 AM,391621,908.83
5/1/2017 9:47:00 AM,394804,909.2168
5/1/2017 9:47:00 AM,398868,909.38
5/1/2017 9:47:00 AM,400959,909.5783
5/1/2017 9:47:00 AM,401703,909.70
5/1/2017 9:48:00 AM,416052,910.41
5/1/2017 9:48:00 AM,420653,910.4209
5/1/2017 9:48:00 AM,423214,910.46
5/1/2017 9:49:00 AM,429793,909.35
5/1/2017 9:49:00 AM,432776,909.2095
5/1/2017 9:49:00 AM,435472,909.43
5/1/2017 9:49:00 AM,442054,908.94
5/1/2017 9:50:00 AM,446442,910.09
5/1/2017 9:50:00 AM,448815,910.13
5/1/2017 9:50:00 AM,452187,909.87
5/1/2017 9:50:00 AM,456598,909.44
5/1/2017 9:51:00 AM,459410,909.53
5/1/2017 9:51:00 AM,460490,909.67
5/1/2017 9:51:00 AM,461433,909.48
5/1/2017 9:51:00 AM,462555,909.82
5/1/2017 9:52:00 AM,465358,908.9271
5/1/2017 9:52:00 AM,465976,908.99
5/1/2017 9:52:00 AM,469406,908.46
5/1/2017 9:52:00 AM,475087,908.1989
5/1/2017 9:53:00 AM,476509,908.54
5/1/2017 9:53:00 AM,476665,908.54
5/1/2017 9:53:00 AM,478687,908.63
5/1/2017 9:53:00 AM,479635,908.59
5/1/2017 9:54:00 AM,482282,908.94
5/1/2017 9:54:00 AM,484367,909.44
5/1/2017 9:54:00 AM,485764,909.50
5/1/2017 9:54:00 AM,487351,909.5221
5/1/2017 9:54:00 AM,489163,909.25
5/1/2017 9:55:00 AM,490596,909.29
5/1/2017 9:55:00 AM,493055,909.58
5/1/2017 9:55:00 AM,493615,909.43
5/1/2017 9:56:00 AM,497643,909.12
5/1/2017 9:56:00 AM,498693,909.23
5/1/2017 9:56:00 AM,500053,909.24
5/1/2017 9:56:00 AM,500663,909.30
5/1/2017 9:56:00 AM,500773,909.30
5/1/2017 9:57:00 AM,502650,909.2498
5/1/2017 9:57:00 AM,503020,909.132
5/1/2017 9:57:00 AM,504119,909.3376
5/1/2017 9:58:00 AM,505771,909.55
5/1/2017 9:58:00 AM,507099,909.4378
5/1/2017 9:58:00 AM,509562,909.45
5/1/2017 9:58:00 AM,510568,909.55
5/1/2017 9:59:00 AM,511248,909.45
5/1/2017 9:59:00 AM,513425,909.28
5/1/2017 9:59:00 AM,514406,909.3124
5/1/2017 9:59:00 AM,514855,909.3124
5/1/2017 10:00:00 AM,518026,908.3903
5/1/2017 10:00:00 AM,518844,908.31
5/1/2017 10:00:00 AM,522049,908.72
5/1/2017 10:00:00 AM,525615,908.76
5/1/2017 10:01:00 AM,527128,908.58
5/1/2017 10:01:00 AM,530341,909.00
5/1/2017 10:01:00 AM,531271,909.03
5/1/2017 10:01:00 AM,532881,909.02
5/1/2017 10:02:00 AM,535391,908.68
5/1/2017 10:02:00 AM,536129,908.71
5/1/2017 10:02:00 AM,536313,908.71
5/1/2017 10:02:00 AM,537676,908.745
5/1/2017 10:03:00 AM,539666,908.77
5/1/2017 10:03:00 AM,541393,908.67
5/1/2017 10:03:00 AM,541619,908.64
5/1/2017 10:03:00 AM,543685,909.29
5/1/2017 10:04:00 AM,544156,909.13
5/1/2017 10:04:00 AM,544552,909.375
5/1/2017 10:04:00 AM,544707,909.375
5/1/2017 10:04:00 AM,549571,909.21
5/1/2017 10:05:00 AM,550456,909.25
5/1/2017 10:05:00 AM,550991,909.18
5/1/2017 10:05:00 AM,551549,909.25
5/1/2017 10:05:00 AM,553089,909.6009
5/1/2017 10:06:00 AM,553792,909.945
5/1/2017 10:06:00 AM,554607,909.805
5/1/2017 10:06:00 AM,555594,909.774
5/1/2017 10:06:00 AM,558296,910.26
5/1/2017 10:07:00 AM,560229,910.17
5/1/2017 10:07:00 AM,560666,910.0604
5/1/2017 10:07:00 AM,560962,910.166
5/1/2017 10:07:00 AM,561384,909.90
5/1/2017 10:08:00 AM,561768,909.90
5/1/2017 10:08:00 AM,568210,909.65
5/1/2017 10:08:00 AM,569863,909.8444
5/1/2017 10:08:00 AM,571362,909.401
5/1/2017 10:09:00 AM,571710,909.655
5/1/2017 10:09:00 AM,574840,909.45
5/1/2017 10:09:00 AM,578137,909.81
5/1/2017 10:09:00 AM,578992,909.7115
5/1/2017 10:10:00 AM,581745,909.46
5/1/2017 10:10:00 AM,584220,909.51
5/1/2017 10:10:00 AM,586248,908.79
5/1/2017 10:11:00 AM,587962,908.51
5/1/2017 10:11:00 AM,589990,908.41
5/1/2017 10:11:00 AM,593334,908.5454
5/1/2017 10:11:00 AM,593718,908.38
5/1/2017 10:11:00 AM,594004,908.55
5/1/2017 10:12:00 AM,595591,908.52
5/1/2017 10:12:00 AM,596372,908.47
5/1/2017 10:12:00 AM,598344,908.581
5/1/2017 10:12:00 AM,599116,908.75
5/1/2017 10:13:00 AM,599433,908.8457
5/1/2017 10:13:00 AM,601010,909.00
5/1/2017 10:13:00 AM,601951,908.94
5/1/2017 10:13:00 AM,603068,909.04
5/1/2017 10:13:00 AM,603336,909.04
5/1/2017 10:14:00 AM,605497,908.73
5/1/2017 10:14:00 AM,608728,908.80
5/1/2017 10:15:00 AM,611369,908.77
5/1/2017 10:15:00 AM,612300,908.73
5/1/2017 10:15:00 AM,613043,908.85
5/1/2017 10:15:00 AM,614634,908.922
5/1/2017 10:16:00 AM,616430,909.40
5/1/2017 10:16:00 AM,617193,909.55
5/1/2017 10:16:00 AM,617920,909.41
5/1/2017 10:16:00 AM,618974,909.4838
5/1/2017 10:17:00 AM,620419,909.91
5/1/2017 10:17:00 AM,621401,909.9232
5/1/2017 10:17:00 AM,623888,909.96
5/1/2017 10:17:00 AM,626881,910.035
5/1/2017 10:17:00 AM,627993,910.035
5/1/2017 10:18:00 AM,630424,910.03
5/1/2017 10:18:00 AM,633094,910.0657
5/1/2017 10:18:00 AM,633667,909.95
5/1/2017 10:19:00 AM,635166,910.10
5/1/2017 10:19:00 AM,636532,910.14
5/1/2017 10:19:00 AM,638771,910.2094
5/1/2017 10:19:00 AM,640738,909.97
5/1/2017 10:20:00 AM,643032,910.09
5/1/2017 10:20:00 AM,646264,909.89
5/1/2017 10:20:00 AM,646748,910.09
5/1/2017 10:20:00 AM,647537,910.10
5/1/2017 10:21:00 AM,649081,910.312
5/1/2017 10:21:00 AM,652034,910.55
5/1/2017 10:21:00 AM,653721,910.53
5/1/2017 10:21:00 AM,654301,910.58
5/1/2017 10:21:00 AM,654690,910.58
5/1/2017 10:22:00 AM,655835,910.77
5/1/2017 10:22:00 AM,660260,909.925
5/1/2017 10:22:00 AM,660516,909.8308
5/1/2017 10:23:00 AM,661381,910.06
5/1/2017 10:23:00 AM,664324,909.31
5/1/2017 10:23:00 AM,670270,909.64
5/1/2017 10:23:00 AM,671799,909.56
5/1/2017 10:23:00 AM,671951,909.56
5/1/2017 10:24:00 AM,672477,909.63
5/1/2017 10:24:00 AM,674644,909.809
5/1/2017 10:24:00 AM,675364,909.6571
5/1/2017 10:25:00 AM,676710,909.79
5/1/2017 10:25:00 AM,678686,909.90
5/1/2017 10:25:00 AM,680727,909.66
5/1/2017 10:25:00 AM,680997,909.88
5/1/2017 10:26:00 AM,683732,910.49
5/1/2017 10:26:00 AM,684993,910.485
5/1/2017 10:26:00 AM,689222,911.50
5/1/2017 10:26:00 AM,689862,911.69
5/1/2017 10:26:00 AM,690007,911.69
5/1/2017 10:27:00 AM,690638,911.45
5/1/2017 10:27:00 AM,692149,911.4641
5/1/2017 10:27:00 AM,694404,911.7799
5/1/2017 10:28:00 AM,694920,911.64
5/1/2017 10:28:00 AM,695645,911.59
5/1/2017 10:28:00 AM,696820,911.70
5/1/2017 10:28:00 AM,698582,911.76
5/1/2017 10:29:00 AM,701157,911.58
5/1/2017 10:29:00 AM,705048,911.7313
5/1/2017 10:29:00 AM,705296,911.7096
5/1/2017 10:29:00 AM,706214,911.7328
5/1/2017 10:30:00 AM,706447,911.91
5/1/2017 10:30:00 AM,708916,912.465
5/1/2017 10:30:00 AM,709754,912.25
5/1/2017 10:30:00 AM,710775,912.21
5/1/2017 10:31:00 AM,715310,912.295
5/1/2017 10:31:00 AM,718032,912.2481
5/1/2017 10:31:00 AM,720440,911.69
5/1/2017 10:31:00 AM,721776,911.90
5/1/2017 10:32:00 AM,722036,912.02
5/1/2017 10:32:00 AM,722849,911.76
5/1/2017 10:32:00 AM,723773,912.08
5/1/2017 10:32:00 AM,724172,911.82
5/1/2017 10:33:00 AM,725402,912.005
5/1/2017 10:33:00 AM,728078,912.1875
5/1/2017 10:33:00 AM,731416,911.96
5/1/2017 10:33:00 AM,732064,911.95
5/1/2017 10:34:00 AM,732656,912.0064
5/1/2017 10:34:00 AM,735040,911.98
5/1/2017 10:34:00 AM,736139,911.78
5/1/2017 10:34:00 AM,739135,911.71
5/1/2017 10:35:00 AM,742457,911.49
5/1/2017 10:35:00 AM,743254,911.34
5/1/2017 10:35:00 AM,744094,911.315
5/1/2017 10:35:00 AM,744739,911.6059
5/1/2017 10:35:00 AM,744977,911.6059
5/1/2017 10:36:00 AM,747264,911.07
5/1/2017 10:36:00 AM,748567,911.29
5/1/2017 10:37:00 AM,748900,911.36
5/1/2017 10:37:00 AM,749435,911.27
5/1/2017 10:37:00 AM,753729,910.81
5/1/2017 10:37:00 AM,754121,910.44
5/1/2017 10:38:00 AM,755923,910.38
5/1/2017 10:38:00 AM,756487,910.42
5/1/2017 10:38:00 AM,756752,910.3662
5/1/2017 10:38:00 AM,758651,910.34
5/1/2017 10:38:00 AM,759200,910.2983
5/1/2017 10:39:00 AM,759435,910.34
5/1/2017 10:39:00 AM,761072,910.39
5/1/2017 10:39:00 AM,763566,910.17
5/1/2017 10:40:00 AM,765260,910.48
5/1/2017 10:40:00 AM,766567,910.35
5/1/2017 10:40:00 AM,767015,910.21
5/1/2017 10:40:00 AM,767084,910.21
5/1/2017 10:41:00 AM,767756,910.34
5/1/2017 10:41:00 AM,768980,910.45
5/1/2017 10:41:00 AM,770904,910.66
5/1/2017 10:41:00 AM,772960,910.69
5/1/2017 10:41:00 AM,773329,910.69
5/1/2017 10:42:00 AM,773741,910.5202
5/1/2017 10:42:00 AM,776247,910.44
5/1/2017 10:42:00 AM,779697,910.2964
5/1/2017 10:43:00 AM,780286,910.32
5/1/2017 10:43:00 AM,783243,910.40
5/1/2017 10:43:00 AM,785306,910.63
5/1/2017 10:43:00 AM,785443,910.63
5/1/2017 10:44:00 AM,785806,910.67
5/1/2017 10:44:00 AM,786039,910.64
5/1/2017 10:44:00 AM,788725,910.68
5/1/2017 10:44:00 AM,788813,910.68
5/1/2017 10:45:00 AM,790659,910.95
5/1/2017 10:45:00 AM,792082,911.00
5/1/2017 10:45:00 AM,794011,910.996
5/1/2017 10:45:00 AM,796196,911.49
5/1/2017 10:46:00 AM,797411,911.56
5/1/2017 10:46:00 AM,799546,911.2307
5/1/2017 10:46:00 AM,799999,911.44
5/1/2017 10:46:00 AM,801882,911.18
5/1/2017 10:47:00 AM,803136,910.85
5/1/2017 10:47:00 AM,803725,910.929
5/1/2017 10:47:00 AM,805824,910.81
5/1/2017 10:47:00 AM,807302,910.91
5/1/2017 10:47:00 AM,807555,910.91
5/1/2017 10:48:00 AM,808306,911.0148
5/1/2017 10:48:00 AM,808579,911.00
5/1/2017 10:48:00 AM,809724,911.20
5/1/2017 10:49:00 AM,811190,911.70
5/1/2017 10:49:00 AM,811899,911.4886
5/1/2017 10:49:00 AM,813917,911.87
5/1/2017 10:49:00 AM,814284,911.6997
5/1/2017 10:50:00 AM,815633,911.939
5/1/2017 10:50:00 AM,817998,911.52
5/1/2017 10:50:00 AM,818393,911.635
5/1/2017 10:50:00 AM,819843,911.57
5/1/2017 10:51:00 AM,821116,911.28
5/1/2017 10:51:00 AM,821593,911.43
5/1/2017 10:51:00 AM,822309,911.18
5/1/2017 10:51:00 AM,822806,911.2201
5/1/2017 10:52:00 AM,823558,911.45
5/1/2017 10:52:00 AM,824239,911.6029
5/1/2017 10:52:00 AM,825519,911.73
5/1/2017 10:52:00 AM,828440,911.70
5/1/2017 10:53:00 AM,830143,911.20
5/1/2017 10:53:00 AM,830311,911.20
5/1/2017 10:53:00 AM,830477,911.20
5/1/2017 10:53:00 AM,830901,911.28
5/1/2017 10:53:00 AM,831325,911.28
5/1/2017 10:54:00 AM,834425,911.49
5/1/2017 10:54:00 AM,835225,911.415
5/1/2017 10:54:00 AM,835423,911.415
5/1/2017 10:55:00 AM,836789,911.68
5/1/2017 10:55:00 AM,836870,911.68
5/1/2017 10:55:00 AM,839919,911.57
5/1/2017 10:55:00 AM,840562,911.75
5/1/2017 10:55:00 AM,840749,911.75
5/1/2017 10:56:00 AM,844073,911.49
5/1/2017 10:56:00 AM,846193,911.698
5/1/2017 10:56:00 AM,846418,911.5686
5/1/2017 10:57:00 AM,847193,911.78
5/1/2017 10:57:00 AM,847868,911.98
5/1/2017 10:57:00 AM,849987,912.00
5/1/2017 10:58:00 AM,853128,911.86
5/1/2017 10:58:00 AM,853454,912.05
5/1/2017 10:58:00 AM,854602,911.9737
5/1/2017 10:58:00 AM,857577,911.99
5/1/2017 10:58:00 AM,859051,911.65
5/1/2017 10:59:00 AM,859270,911.5574
5/1/2017 10:59:00 AM,859926,911.45
5/1/2017 10:59:00 AM,862300,911.6799
5/1/2017 11:00:00 AM,865050,911.1127
5/1/2017 11:00:00 AM,866181,911.27
5/1/2017 11:00:00 AM,866379,911.27
5/1/2017 11:00:00 AM,870857,911.7076
5/1/2017 11:01:00 AM,872393,911.6035
5/1/2017 11:01:00 AM,873073,911.67
5/1/2017 11:01:00 AM,875662,911.36
5/1/2017 11:01:00 AM,876569,911.43
5/1/2017 11:02:00 AM,877573,911.5132
5/1/2017 11:02:00 AM,878461,911.67
5/1/2017 11:02:00 AM,878629,911.50
5/1/2017 11:02:00 AM,878895,911.43
5/1/2017 11:03:00 AM,880505,911.17
5/1/2017 11:03:00 AM,881060,911.33
5/1/2017 11:03:00 AM,882537,911.43
5/1/2017 11:03:00 AM,884120,911.201
5/1/2017 11:04:00 AM,886521,911.18
5/1/2017 11:04:00 AM,887954,911.13
5/1/2017 11:04:00 AM,888457,911.08
5/1/2017 11:04:00 AM,890698,910.81
5/1/2017 11:05:00 AM,891050,911.15
5/1/2017 11:05:00 AM,891577,911.18
5/1/2017 11:05:00 AM,891800,911.00
5/1/2017 11:05:00 AM,892794,911.18
5/1/2017 11:06:00 AM,895520,911.14
5/1/2017 11:06:00 AM,896376,911.35
5/1/2017 11:06:00 AM,896703,911.45
5/1/2017 11:06:00 AM,897403,911.37
5/1/2017 11:07:00 AM,899545,911.60
5/1/2017 11:07:00 AM,900289,911.59
5/1/2017 11:07:00 AM,901090,911.67
5/1/2017 11:07:00 AM,901758,911.67
5/1/2017 11:08:00 AM,904456,911.98
5/1/2017 11:08:00 AM,904748,911.89
5/1/2017 11:08:00 AM,906723,911.7698
5/1/2017 11:08:00 AM,907084,911.6785
5/1/2017 11:09:00 AM,908738,911.7979
5/1/2017 11:09:00 AM,909188,911.97
5/1/2017 11:09:00 AM,912099,911.79
5/1/2017 11:09:00 AM,912479,911.58
5/1/2017 11:10:00 AM,914172,911.58
5/1/2017 11:10:00 AM,914653,911.52
5/1/2017 11:10:00 AM,916394,911.52
5/1/2017 11:10:00 AM,918589,911.32
5/1/2017 11:10:00 AM,918610,911.32
5/1/2017 11:11:00 AM,919115,911.45
5/1/2017 11:11:00 AM,920731,911.28
5/1/2017 11:11:00 AM,921144,911.28
5/1/2017 11:12:00 AM,924416,911.3883
5/1/2017 11:12:00 AM,925762,911.40
5/1/2017 11:12:00 AM,926161,911.28
5/1/2017 11:12:00 AM,929390,911.08
5/1/2017 11:13:00 AM,929928,911.2245
5/1/2017 11:13:00 AM,932270,911.06
5/1/2017 11:13:00 AM,932314,911.06
5/1/2017 11:13:00 AM,933780,911.08
5/1/2017 11:14:00 AM,934129,911.0734
5/1/2017 11:14:00 AM,936397,911.00
5/1/2017 11:14:00 AM,936597,910.98
5/1/2017 11:14:00 AM,936714,910.98
5/1/2017 11:15:00 AM,937243,910.8801
5/1/2017 11:15:00 AM,937842,910.875
5/1/2017 11:15:00 AM,939919,910.7962
5/1/2017 11:15:00 AM,941863,910.90
5/1/2017 11:16:00 AM,942591,910.795
5/1/2017 11:16:00 AM,943642,910.78
5/1/2017 11:16:00 AM,945101,910.88
5/1/2017 11:16:00 AM,945446,911.00
5/1/2017 11:17:00 AM,945981,911.1373
5/1/2017 11:17:00 AM,946760,911.115
5/1/2017 11:17:00 AM,947304,911.1157
5/1/2017 11:17:00 AM,948587,911.195
5/1/2017 11:18:00 AM,949591,910.91
5/1/2017 11:18:00 AM,949606,910.91
5/1/2017 11:18:00 AM,950633,910.735
5/1/2017 11:18:00 AM,950820,910.735
5/1/2017 11:19:00 AM,952714,910.76
5/1/2017 11:19:00 AM,952915,910.76
5/1/2017 11:19:00 AM,953127,910.7229
5/1/2017 11:20:00 AM,953559,910.73
5/1/2017 11:20:00 AM,953677,910.73
5/1/2017 11:20:00 AM,954056,910.66
5/1/2017 11:20:00 AM,954474,910.6923
5/1/2017 11:20:00 AM,956065,910.7694
5/1/2017 11:21:00 AM,956923,910.9292
5/1/2017 11:21:00 AM,957384,910.88
5/1/2017 11:21:00 AM,958500,911.11
5/1/2017 11:22:00 AM,958850,910.87
5/1/2017 11:22:00 AM,959354,910.9732
5/1/2017 11:22:00 AM,959842,910.94
5/1/2017 11:22:00 AM,959986,910.94
5/1/2017 11:22:00 AM,960374,911.00
5/1/2017 11:23:00 AM,961069,910.9892
5/1/2017 11:23:00 AM,962521,910.93
5/1/2017 11:23:00 AM,963596,910.93
5/1/2017 11:23:00 AM,966057,910.8528
5/1/2017 11:24:00 AM,967228,910.58
5/1/2017 11:24:00 AM,967813,910.53
5/1/2017 11:24:00 AM,968399,910.56
5/1/2017 11:25:00 AM,969833,910.79
5/1/2017 11:25:00 AM,970123,910.85
5/1/2017 11:25:00 AM,971495,911.00
5/1/2017 11:25:00 AM,972191,910.97
5/1/2017 11:25:00 AM,973014,911.20
5/1/2017 11:26:00 AM,973340,911.176
5/1/2017 11:26:00 AM,973547,911.176
5/1/2017 11:26:00 AM,973836,911.53
5/1/2017 11:26:00 AM,974266,911.39
5/1/2017 11:27:00 AM,974994,911.49
5/1/2017 11:27:00 AM,975232,911.36
5/1/2017 11:27:00 AM,975637,911.3612
5/1/2017 11:28:00 AM,976275,911.43
5/1/2017 11:28:00 AM,978502,911.29
5/1/2017 11:28:00 AM,978904,911.122
5/1/2017 11:28:00 AM,980351,910.77
5/1/2017 11:29:00 AM,980633,910.915
5/1/2017 11:29:00 AM,981045,911.00
5/1/2017 11:29:00 AM,981290,911.00
5/1/2017 11:29:00 AM,981358,911.00
5/1/2017 11:30:00 AM,981828,910.83
5/1/2017 11:30:00 AM,982152,910.94
5/1/2017 11:30:00 AM,982187,910.94
5/1/2017 11:30:00 AM,982524,910.8697
5/1/2017 11:31:00 AM,984455,910.98
5/1/2017 11:31:00 AM,985194,911.17
5/1/2017 11:31:00 AM,988424,911.93
5/1/2017 11:31:00 AM,989860,911.77
5/1/2017 11:31:00 AM,989882,911.77
5/1/2017 11:32:00 AM,990663,911.79
5/1/2017 11:32:00 AM,996380,911.99
5/1/2017 11:32:00 AM,998144,911.55
5/1/2017 11:33:00 AM,999059,911.492
5/1/2017 11:33:00 AM,1000421,911.82
5/1/2017 11:33:00 AM,1000792,911.65
5/1/2017 11:33:00 AM,1001528,911.76
5/1/2017 11:34:00 AM,1002897,911.40
5/1/2017 11:34:00 AM,1003407,911.4647
5/1/2017 11:34:00 AM,1003477,911.4647
5/1/2017 11:34:00 AM,1004145,911.58
5/1/2017 11:34:00 AM,1004308,911.58
5/1/2017 11:35:00 AM,1007072,912.02
5/1/2017 11:35:00 AM,1008322,911.83
5/1/2017 11:35:00 AM,1009527,911.63
5/1/2017 11:36:00 AM,1013498,912.10
5/1/2017 11:36:00 AM,1015940,912.27
5/1/2017 11:36:00 AM,1017604,912.06
5/1/2017 11:36:00 AM,1018742,911.70
5/1/2017 11:37:00 AM,1019945,911.7809
5/1/2017 11:37:00 AM,1020676,911.93
5/1/2017 11:37:00 AM,1020788,911.93
5/1/2017 11:37:00 AM,1020819,911.93
5/1/2017 11:38:00 AM,1021455,911.94
5/1/2017 11:38:00 AM,1022805,911.85
5/1/2017 11:38:00 AM,1024342,911.67
5/1/2017 11:38:00 AM,1024735,911.40
5/1/2017 11:38:00 AM,1025122,911.40
5/1/2017 11:39:00 AM,1025568,911.73
5/1/2017 11:39:00 AM,1027570,911.75
5/1/2017 11:39:00 AM,1027954,911.92
5/1/2017 11:40:00 AM,1028177,911.825
5/1/2017 11:40:00 AM,1029280,912.08
5/1/2017 11:40:00 AM,1031222,912.0675
5/1/2017 11:40:00 AM,1031280,912.0675
5/1/2017 11:41:00 AM,1031981,912.15
5/1/2017 11:41:00 AM,1032847,911.76
5/1/2017 11:41:00 AM,1033233,911.75
5/1/2017 11:41:00 AM,1033526,911.75
5/1/2017 11:42:00 AM,1034376,911.99
5/1/2017 11:42:00 AM,1036500,911.74
5/1/2017 11:42:00 AM,1037287,911.6891
5/1/2017 11:42:00 AM,1037726,911.6623
5/1/2017 11:43:00 AM,1041459,911.82
5/1/2017 11:43:00 AM,1042070,911.82
5/1/2017 11:43:00 AM,1042547,911.8394
5/1/2017 11:44:00 AM,1043748,911.78
5/1/2017 11:44:00 AM,1044225,911.66
5/1/2017 11:44:00 AM,1045485,911.80
5/1/2017 11:44:00 AM,1046234,911.8132
5/1/2017 11:45:00 AM,1047847,912.15
5/1/2017 11:45:00 AM,1047996,912.15
5/1/2017 11:45:00 AM,1048723,911.9038
5/1/2017 11:45:00 AM,1049542,912.02
5/1/2017 11:45:00 AM,1049649,912.02
5/1/2017 11:46:00 AM,1050827,911.97
5/1/2017 11:46:00 AM,1051859,912.20
5/1/2017 11:46:00 AM,1052564,912.26
5/1/2017 11:47:00 AM,1053654,912.045
5/1/2017 11:47:00 AM,1054059,912.1393
5/1/2017 11:47:00 AM,1054568,912.0382
5/1/2017 11:47:00 AM,1055047,912.146
5/1/2017 11:48:00 AM,1055554,911.98
5/1/2017 11:48:00 AM,1056046,912.01
5/1/2017 11:48:00 AM,1057053,911.89
5/1/2017 11:48:00 AM,1057356,911.7801
5/1/2017 11:49:00 AM,1058134,912.07
5/1/2017 11:49:00 AM,1058298,912.00
5/1/2017 11:49:00 AM,1058570,912.00
5/1/2017 11:49:00 AM,1058832,912.00
5/1/2017 11:50:00 AM,1061509,912.31
5/1/2017 11:50:00 AM,1063082,911.99
5/1/2017 11:50:00 AM,1063386,911.99
5/1/2017 11:50:00 AM,1063919,911.9343
5/1/2017 11:51:00 AM,1064922,911.965
5/1/2017 11:51:00 AM,1065010,911.965
5/1/2017 11:51:00 AM,1065832,912.01
5/1/2017 11:51:00 AM,1067305,912.038
5/1/2017 11:52:00 AM,1067787,911.932
5/1/2017 11:52:00 AM,1069196,911.52
5/1/2017 11:52:00 AM,1069342,911.52
5/1/2017 11:52:00 AM,1071243,911.3251
5/1/2017 11:53:00 AM,1071693,911.38
5/1/2017 11:53:00 AM,1071892,911.38
5/1/2017 11:53:00 AM,1072035,911.385
5/1/2017 11:53:00 AM,1072243,911.5899
5/1/2017 11:54:00 AM,1072497,911.415
5/1/2017 11:54:00 AM,1074671,911.24
5/1/2017 11:54:00 AM,1075125,911.19
5/1/2017 11:54:00 AM,1075279,911.3499
5/1/2017 11:54:00 AM,1075341,911.3499
5/1/2017 11:55:00 AM,1076084,911.15
5/1/2017 11:55:00 AM,1077400,911.00
5/1/2017 11:55:00 AM,1077560,911.00
5/1/2017 11:56:00 AM,1079304,911.29
5/1/2017 11:56:00 AM,1080180,911.05
5/1/2017 11:56:00 AM,1081022,911.22
5/1/2017 11:56:00 AM,1082057,911.271
5/1/2017 11:57:00 AM,1083221,911.17
5/1/2017 11:57:00 AM,1084703,911.00
5/1/2017 11:57:00 AM,1087134,911.03
5/1/2017 11:57:00 AM,1088315,911.0453
5/1/2017 11:58:00 AM,1088705,911.00
5/1/2017 11:58:00 AM,1089065,911.00
5/1/2017 11:58:00 AM,1090415,911.00
5/1/2017 11:58:00 AM,1091891,911.105
5/1/2017 11:59:00 AM,1092509,911.138
5/1/2017 11:59:00 AM,1094165,911.00
5/1/2017 11:59:00 AM,1094444,911.00
5/1/2017 11:59:00 AM,1094571,911.00
5/1/2017 12:00:00 PM,1095140,911.09
5/1/2017 12:00:00 PM,1095499,911.09
5/1/2017 12:00:00 PM,1096637,911.25
5/1/2017 12:00:00 PM,1098159,911.00
5/1/2017 12:01:00 PM,1098411,911.06
5/1/2017 12:01:00 PM,1098805,911.182
5/1/2017 12:01:00 PM,1098949,911.24
5/1/2017 12:01:00 PM,1099044,911.24
5/1/2017 12:02:00 PM,1101511,911.155
5/1/2017 12:02:00 PM,1101623,911.155
5/1/2017 12:02:00 PM,1101996,911.2416
5/1/2017 12:02:00 PM,1102100,911.2416
5/1/2017 12:03:00 PM,1102966,911.00
5/1/2017 12:03:00 PM,1103016,911.00
5/1/2017 12:03:00 PM,1103985,911.00
5/1/2017 12:03:00 PM,1104165,911.00
5/1/2017 12:04:00 PM,1105426,911.11
5/1/2017 12:04:00 PM,1105631,911.11
5/1/2017 12:04:00 PM,1105913,911.04
5/1/2017 12:04:00 PM,1106430,911.15
5/1/2017 12:05:00 PM,1106781,911.15
5/1/2017 12:05:00 PM,1110268,911.00
5/1/2017 12:05:00 PM,1112002,911.0046
5/1/2017 12:05:00 PM,1112345,911.00
5/1/2017 12:06:00 PM,1112987,911.16
5/1/2017 12:06:00 PM,1114134,911.18
5/1/2017 12:06:00 PM,1114588,911.00
5/1/2017 12:06:00 PM,1115151,911.01
5/1/2017 12:07:00 PM,1116205,911.00
5/1/2017 12:07:00 PM,1116541,911.00
5/1/2017 12:07:00 PM,1116951,911.00
5/1/2017 12:08:00 PM,1117372,911.001
5/1/2017 12:08:00 PM,1118303,911.00
5/1/2017 12:08:00 PM,1120055,911.01
5/1/2017 12:08:00 PM,1120526,911.04
5/1/2017 12:08:00 PM,1121641,911.0228
5/1/2017 12:09:00 PM,1121953,911.00
5/1/2017 12:09:00 PM,1122013,911.00
5/1/2017 12:09:00 PM,1122661,911.00
5/1/2017 12:10:00 PM,1124246,911.07
5/1/2017 12:10:00 PM,1125184,911.09
5/1/2017 12:10:00 PM,1125323,911.09
5/1/2017 12:10:00 PM,1126300,911.00
5/1/2017 12:10:00 PM,1126484,911.00
5/1/2017 12:11:00 PM,1130402,911.00
5/1/2017 12:11:00 PM,1131553,911.00
5/1/2017 12:11:00 PM,1132782,911.00
5/1/2017 12:11:00 PM,1133982,911.00
5/1/2017 12:11:00 PM,1134262,911.00
5/1/2017 12:12:00 PM,1134440,911.00
5/1/2017 12:12:00 PM,1135705,911.00
5/1/2017 12:13:00 PM,1137120,911.03
5/1/2017 12:13:00 PM,1138350,911.10
5/1/2017 12:13:00 PM,1138478,911.10
5/1/2017 12:13:00 PM,1139458,911.00
5/1/2017 12:14:00 PM,1140112,911.00
5/1/2017 12:14:00 PM,1140676,911.00
5/1/2017 12:14:00 PM,1140750,911.00
5/1/2017 12:14:00 PM,1144311,910.892
5/1/2017 12:15:00 PM,1145741,910.79
5/1/2017 12:15:00 PM,1146663,910.67
5/1/2017 12:15:00 PM,1149970,910.50
5/1/2017 12:15:00 PM,1150591,910.5402
5/1/2017 12:16:00 PM,1152147,910.35
5/1/2017 12:16:00 PM,1153591,910.73
5/1/2017 12:16:00 PM,1154425,910.64
5/1/2017 12:16:00 PM,1154522,910.64
5/1/2017 12:16:00 PM,1154701,910.64
5/1/2017 12:17:00 PM,1155250,910.5403
5/1/2017 12:17:00 PM,1155633,910.515
5/1/2017 12:17:00 PM,1155760,910.515
5/1/2017 12:17:00 PM,1155865,910.515
5/1/2017 12:18:00 PM,1156131,910.5559
5/1/2017 12:18:00 PM,1156907,910.36
5/1/2017 12:18:00 PM,1158294,910.59
5/1/2017 12:19:00 PM,1159063,910.54
5/1/2017 12:19:00 PM,1160027,910.6021
5/1/2017 12:19:00 PM,1160227,910.6021
5/1/2017 12:19:00 PM,1161338,910.3875
5/1/2017 12:19:00 PM,1161485,910.3875
5/1/2017 12:20:00 PM,1162236,910.2578
5/1/2017 12:20:00 PM,1164100,910.3334
5/1/2017 12:20:00 PM,1164499,910.36
5/1/2017 12:21:00 PM,1164922,910.27
5/1/2017 12:21:00 PM,1165133,910.27
5/1/2017 12:21:00 PM,1165140,910.27
5/1/2017 12:21:00 PM,1165690,910.48
5/1/2017 12:22:00 PM,1167137,910.27
5/1/2017 12:22:00 PM,1167971,910.16
5/1/2017 12:22:00 PM,1168745,910.41
5/1/2017 12:22:00 PM,1169579,910.41
5/1/2017 12:23:00 PM,1170085,910.73
5/1/2017 12:23:00 PM,1170111,910.73
5/1/2017 12:23:00 PM,1170448,910.76
5/1/2017 12:23:00 PM,1170946,910.48
5/1/2017 12:24:00 PM,1171206,910.5593
5/1/2017 12:24:00 PM,1171658,910.43
5/1/2017 12:24:00 PM,1171982,910.34
5/1/2017 12:24:00 PM,1172483,910.34
5/1/2017 12:24:00 PM,1172755,910.34
5/1/2017 12:24:00 PM,1172955,910.34
5/1/2017 12:25:00 PM,1173891,910.2956
5/1/2017 12:25:00 PM,1174283,910.321
5/1/2017 12:26:00 PM,1174458,910.21
5/1/2017 12:26:00 PM,1174752,910.172
5/1/2017 12:26:00 PM,1174965,910.1701
5/1/2017 12:26:00 PM,1175266,910.275
5/1/2017 12:27:00 PM,1175520,910.22
5/1/2017 12:27:00 PM,1176577,910.2247
5/1/2017 12:27:00 PM,1177317,910.25
5/1/2017 12:27:00 PM,1178974,910.45
5/1/2017 12:28:00 PM,1179742,910.664
5/1/2017 12:28:00 PM,1180185,910.591
5/1/2017 12:28:00 PM,1181175,910.5716
5/1/2017 12:28:00 PM,1182104,910.6747
5/1/2017 12:29:00 PM,1182341,910.7475
5/1/2017 12:29:00 PM,1183676,910.46
5/1/2017 12:29:00 PM,1183833,910.5559
5/1/2017 12:29:00 PM,1184315,910.36
5/1/2017 12:30:00 PM,1184637,910.52
5/1/2017 12:30:00 PM,1185022,910.41
5/1/2017 12:30:00 PM,1186402,910.604
5/1/2017 12:31:00 PM,1186706,910.44
5/1/2017 12:31:00 PM,1187014,910.67
5/1/2017 12:31:00 PM,1187356,910.67
5/1/2017 12:31:00 PM,1187539,910.5811
5/1/2017 12:31:00 PM,1187842,910.6007
5/1/2017 12:32:00 PM,1188046,910.6281
5/1/2017 12:32:00 PM,1188497,910.83
5/1/2017 12:32:00 PM,1188846,910.83
5/1/2017 12:33:00 PM,1189061,910.76
5/1/2017 12:33:00 PM,1190057,910.64
5/1/2017 12:33:00 PM,1190337,910.5231
5/1/2017 12:33:00 PM,1190479,910.5231
5/1/2017 12:33:00 PM,1191061,910.312
5/1/2017 12:34:00 PM,1191276,910.631
5/1/2017 12:34:00 PM,1191707,910.64
5/1/2017 12:34:00 PM,1191965,910.64
5/1/2017 12:34:00 PM,1192004,910.64
5/1/2017 12:35:00 PM,1192388,910.77
5/1/2017 12:35:00 PM,1194074,910.82
5/1/2017 12:35:00 PM,1195270,910.83
5/1/2017 12:36:00 PM,1197106,910.90
5/1/2017 12:36:00 PM,1197307,910.90
5/1/2017 12:36:00 PM,1197749,910.803
5/1/2017 12:36:00 PM,1199911,911.0455
5/1/2017 12:37:00 PM,1200385,911.11
5/1/2017 12:37:00 PM,1200495,911.0455
5/1/2017 12:37:00 PM,1200971,911.15
5/1/2017 12:37:00 PM,1201470,911.1105
5/1/2017 12:38:00 PM,1202201,911.19
5/1/2017 12:38:00 PM,1203711,911.1906
5/1/2017 12:38:00 PM,1204461,911.36
5/1/2017 12:38:00 PM,1204629,911.37
5/1/2017 12:39:00 PM,1205282,911.08
5/1/2017 12:39:00 PM,1205574,911.28
5/1/2017 12:39:00 PM,1205873,911.1818
5/1/2017 12:39:00 PM,1206222,911.14
5/1/2017 12:40:00 PM,1206985,911.02
5/1/2017 12:40:00 PM,1208104,911.0945
5/1/2017 12:40:00 PM,1209478,911.00
5/1/2017 12:40:00 PM,1209945,911.00
5/1/2017 12:41:00 PM,1210455,911.27
5/1/2017 12:41:00 PM,1210782,911.078
5/1/2017 12:41:00 PM,1211696,910.99
5/1/2017 12:41:00 PM,1211983,910.99
5/1/2017 12:41:00 PM,1212049,910.99
5/1/2017 12:42:00 PM,1212309,911.031
5/1/2017 12:42:00 PM,1213034,911.0188
5/1/2017 12:42:00 PM,1214107,911.05
5/1/2017 12:43:00 PM,1214560,911.2722
5/1/2017 12:43:00 PM,1214627,911.2722
5/1/2017 12:43:00 PM,1214967,911.2894
5/1/2017 12:43:00 PM,1215623,911.24
5/1/2017 12:44:00 PM,1215853,911.277
5/1/2017 12:44:00 PM,1216188,911.1639
5/1/2017 12:44:00 PM,1216978,911.05
5/1/2017 12:44:00 PM,1217395,911.06
5/1/2017 12:44:00 PM,1217436,911.06
5/1/2017 12:45:00 PM,1217849,911.06
5/1/2017 12:45:00 PM,1218400,911.1046
5/1/2017 12:45:00 PM,1219265,911.01
5/1/2017 12:46:00 PM,1219914,910.91
5/1/2017 12:46:00 PM,1220645,910.913
5/1/2017 12:46:00 PM,1221061,911.02
5/1/2017 12:46:00 PM,1222226,910.96
5/1/2017 12:47:00 PM,1223218,910.96
5/1/2017 12:47:00 PM,1223913,910.99
5/1/2017 12:47:00 PM,1226013,911.13
5/1/2017 12:48:00 PM,1226323,911.065
5/1/2017 12:48:00 PM,1226701,911.11
5/1/2017 12:48:00 PM,1227438,911.24
5/1/2017 12:48:00 PM,1227853,911.29
5/1/2017 12:49:00 PM,1229984,911.3031
5/1/2017 12:49:00 PM,1230466,911.254
5/1/2017 12:49:00 PM,1231910,911.14
5/1/2017 12:49:00 PM,1231927,911.14
5/1/2017 12:49:00 PM,1232758,911.07
5/1/2017 12:50:00 PM,1233119,911.16
5/1/2017 12:50:00 PM,1233398,911.16
5/1/2017 12:50:00 PM,1233807,911.255
5/1/2017 12:51:00 PM,1234300,911.00
5/1/2017 12:51:00 PM,1235773,910.61
5/1/2017 12:51:00 PM,1237797,910.23
5/1/2017 12:51:00 PM,1239365,910.40
5/1/2017 12:51:00 PM,1240407,910.1834
5/1/2017 12:52:00 PM,1240975,910.70
5/1/2017 12:52:00 PM,1241353,910.8305
5/1/2017 12:52:00 PM,1241650,910.71
5/1/2017 12:53:00 PM,1243678,910.55
5/1/2017 12:53:00 PM,1243726,910.55
5/1/2017 12:53:00 PM,1243935,910.58
5/1/2017 12:53:00 PM,1244301,910.50
5/1/2017 12:53:00 PM,1244487,910.50
5/1/2017 12:54:00 PM,1244950,910.41
5/1/2017 12:54:00 PM,1245047,910.41
5/1/2017 12:54:00 PM,1245588,910.79
5/1/2017 12:55:00 PM,1246699,910.60
5/1/2017 12:55:00 PM,1247218,910.76
5/1/2017 12:55:00 PM,1249138,910.8521
5/1/2017 12:55:00 PM,1249414,910.622
5/1/2017 12:56:00 PM,1249942,910.62
5/1/2017 12:56:00 PM,1250174,910.62
5/1/2017 12:56:00 PM,1250336,910.592
5/1/2017 12:56:00 PM,1250578,910.592
5/1/2017 12:56:00 PM,1250641,910.592
5/1/2017 12:56:00 PM,1250792,910.592
5/1/2017 12:56:00 PM,1250895,910.592
5/1/2017 12:56:00 PM,1250917,910.592
5/1/2017 12:56:00 PM,1251123,910.592
5/1/2017 12:56:00 PM,1251147,910.592
5/1/2017 12:58:00 PM,1252487,910.55
5/1/2017 12:58:00 PM,1253297,910.60
5/1/2017 12:59:00 PM,1254148,910.5125
5/1/2017 12:59:00 PM,1254207,910.5125
5/1/2017 12:59:00 PM,1254804,910.619
5/1/2017 12:59:00 PM,1255106,910.45
5/1/2017 12:59:00 PM,1255364,910.45
5/1/2017 12:59:00 PM,1255481,910.45
5/1/2017 12:59:00 PM,1255625,910.45
5/1/2017 1:00:00 PM,1256200,910.59
5/1/2017 1:01:00 PM,1256643,910.55
5/1/2017 1:01:00 PM,1256867,910.42
5/1/2017 1:01:00 PM,1256937,910.42
5/1/2017 1:01:00 PM,1257160,910.41
5/1/2017 1:02:00 PM,1259155,910.73
5/1/2017 1:02:00 PM,1259464,910.62
5/1/2017 1:02:00 PM,1259850,910.51
5/1/2017 1:02:00 PM,1259929,910.51
5/1/2017 1:02:00 PM,1260002,910.51
5/1/2017 1:03:00 PM,1260123,910.5832
5/1/2017 1:03:00 PM,1260131,910.5832
5/1/2017 1:03:00 PM,1260258,910.5832
5/1/2017 1:03:00 PM,1260457,910.5832
5/1/2017 1:04:00 PM,1260893,910.61
5/1/2017 1:04:00 PM,1260969,910.61
5/1/2017 1:04:00 PM,1261244,910.50
5/1/2017 1:04:00 PM,1261329,910.50
5/1/2017 1:04:00 PM,1261427,910.50
5/1/2017 1:05:00 PM,1261967,910.499
5/1/2017 1:05:00 PM,1262396,910.35
5/1/2017 1:05:00 PM,1262490,910.35
5/1/2017 1:05:00 PM,1262687,910.35
5/1/2017 1:06:00 PM,1262926,910.3753
5/1/2017 1:06:00 PM,1263269,910.3436
5/1/2017 1:07:00 PM,1263694,910.34
5/1/2017 1:07:00 PM,1263798,910.34
5/1/2017 1:07:00 PM,1265127,910.2401
5/1/2017 1:07:00 PM,1265165,910.2401
5/1/2017 1:08:00 PM,1267226,910.56
5/1/2017 1:08:00 PM,1267393,910.5469
5/1/2017 1:08:00 PM,1268153,910.5731
5/1/2017 1:08:00 PM,1268676,910.8708
5/1/2017 1:09:00 PM,1269225,910.9759
5/1/2017 1:09:00 PM,1270260,910.78
5/1/2017 1:09:00 PM,1272137,910.52
5/1/2017 1:09:00 PM,1272540,910.48
5/1/2017 1:10:00 PM,1273054,910.65
5/1/2017 1:10:00 PM,1273147,910.65
5/1/2017 1:10:00 PM,1273466,910.66
5/1/2017 1:10:00 PM,1274936,910.72
5/1/2017 1:10:00 PM,1275023,910.72
5/1/2017 1:11:00 PM,1275586,910.75
5/1/2017 1:11:00 PM,1276342,910.53
5/1/2017 1:11:00 PM,1276411,910.53
5/1/2017 1:11:00 PM,1276555,910.53
5/1/2017 1:11:00 PM,1276759,910.53
5/1/2017 1:12:00 PM,1278483,910.30
5/1/2017 1:12:00 PM,1280675,910.36
5/1/2017 1:13:00 PM,1280948,910.62
5/1/2017 1:13:00 PM,1281683,910.37
5/1/2017 1:13:00 PM,1281744,910.37
5/1/2017 1:13:00 PM,1281792,910.37
5/1/2017 1:13:00 PM,1281886,910.37
5/1/2017 1:14:00 PM,1282819,910.2488
5/1/2017 1:14:00 PM,1284056,910.15
5/1/2017 1:15:00 PM,1284466,910.2337
5/1/2017 1:15:00 PM,1289905,909.97
5/1/2017 1:15:00 PM,1289910,909.97
5/1/2017 1:15:00 PM,1291655,910.14
5/1/2017 1:16:00 PM,1292087,909.8841
5/1/2017 1:16:00 PM,1292335,909.8841
5/1/2017 1:16:00 PM,1294308,910.33
5/1/2017 1:16:00 PM,1294416,910.33
5/1/2017 1:16:00 PM,1294488,910.33
5/1/2017 1:16:00 PM,1294636,910.33
5/1/2017 1:16:00 PM,1294644,910.33
5/1/2017 1:17:00 PM,1295210,909.99
5/1/2017 1:17:00 PM,1295399,910.225
5/1/2017 1:17:00 PM,1295536,910.225
5/1/2017 1:18:00 PM,1295752,910.2975
5/1/2017 1:18:00 PM,1296107,910.08
5/1/2017 1:18:00 PM,1296469,910.2006
5/1/2017 1:18:00 PM,1296587,910.2006
5/1/2017 1:18:00 PM,1296644,910.2006
5/1/2017 1:18:00 PM,1296752,910.2006
5/1/2017 1:18:00 PM,1296878,910.2006
5/1/2017 1:18:00 PM,1296995,910.2006
5/1/2017 1:18:00 PM,1297297,910.2006
5/1/2017 1:20:00 PM,1299124,910.315
5/1/2017 1:20:00 PM,318,910.31
5/1/2017 1:20:00 PM,108,910.31
5/1/2017 1:21:00 PM,760,909.85
5/1/2017 1:21:00 PM,1099,909.91
5/1/2017 1:22:00 PM,1852,909.90
5/1/2017 1:22:00 PM,3161,910.1106
5/1/2017 1:22:00 PM,4587,909.99
5/1/2017 1:22:00 PM,4925,910.04
5/1/2017 1:22:00 PM,4982,910.04
5/1/2017 1:22:00 PM,5129,910.04
5/1/2017 1:23:00 PM,5728,910.0294
5/1/2017 1:23:00 PM,6154,910.07
5/1/2017 1:24:00 PM,6331,910.18
5/1/2017 1:24:00 PM,6385,910.18
5/1/2017 1:24:00 PM,6591,910.18
5/1/2017 1:24:00 PM,9543,910.1425
5/1/2017 1:25:00 PM,10667,910.3971
5/1/2017 1:25:00 PM,11674,910.29
5/1/2017 1:25:00 PM,12331,910.3026
5/1/2017 1:25:00 PM,12897,910.1943
5/1/2017 1:26:00 PM,13202,910.33
5/1/2017 1:26:00 PM,13216,910.33
5/1/2017 1:26:00 PM,13419,910.16
5/1/2017 1:26:00 PM,13486,910.16
5/1/2017 1:26:00 PM,13540,910.16
5/1/2017 1:26:00 PM,13713,910.16
5/1/2017 1:27:00 PM,15189,910.00
5/1/2017 1:27:00 PM,15296,910.00
5/1/2017 1:28:00 PM,16281,910.03
5/1/2017 1:28:00 PM,16343,910.03
5/1/2017 1:28:00 PM,17065,909.90
5/1/2017 1:28:00 PM,17097,909.90
5/1/2017 1:28:00 PM,17334,909.90
5/1/2017 1:29:00 PM,17630,909.89
5/1/2017 1:29:00 PM,17994,909.89
5/1/2017 1:29:00 PM,18238,909.92
5/1/2017 1:30:00 PM,18734,909.91
5/1/2017 1:30:00 PM,19824,909.89
5/1/2017 1:30:00 PM,21048,909.78
5/1/2017 1:31:00 PM,22222,909.75
5/1/2017 1:31:00 PM,23369,909.52
5/1/2017 1:31:00 PM,23620,909.5801
5/1/2017 1:31:00 PM,24648,909.68
5/1/2017 1:32:00 PM,26121,909.74
5/1/2017 1:32:00 PM,26522,909.60
5/1/2017 1:32:00 PM,26773,909.70
5/1/2017 1:32:00 PM,27292,909.795
5/1/2017 1:32:00 PM,27389,909.795
5/1/2017 1:33:00 PM,27564,909.68
5/1/2017 1:33:00 PM,27627,909.68
5/1/2017 1:33:00 PM,27987,909.72
5/1/2017 1:33:00 PM,28553,909.67
5/1/2017 1:33:00 PM,28566,909.67
5/1/2017 1:33:00 PM,28652,909.67
5/1/2017 1:34:00 PM,30413,909.94
5/1/2017 1:35:00 PM,31276,910.04
5/1/2017 1:35:00 PM,32071,909.91
5/1/2017 1:35:00 PM,32268,909.95
5/1/2017 1:35:00 PM,32517,909.9353
5/1/2017 1:36:00 PM,32857,909.89
5/1/2017 1:36:00 PM,34102,910.17
5/1/2017 1:36:00 PM,34304,910.17
5/1/2017 1:37:00 PM,35196,910.11
5/1/2017 1:37:00 PM,35904,910.25
5/1/2017 1:37:00 PM,36070,910.1694
5/1/2017 1:37:00 PM,36741,910.19
5/1/2017 1:38:00 PM,37162,910.12
5/1/2017 1:38:00 PM,37494,910.28
5/1/2017 1:38:00 PM,38055,910.14
5/1/2017 1:38:00 PM,38479,910.20
5/1/2017 1:39:00 PM,39426,910.12
5/1/2017 1:39:00 PM,39614,910.1672
5/1/2017 1:39:00 PM,39698,910.1672
5/1/2017 1:39:00 PM,39983,910.16
5/1/2017 1:39:00 PM,40169,910.16
5/1/2017 1:40:00 PM,41035,910.06
5/1/2017 1:40:00 PM,41119,910.06
5/1/2017 1:40:00 PM,41355,910.06
5/1/2017 1:40:00 PM,41577,910.06
5/1/2017 1:41:00 PM,43876,910.25
5/1/2017 1:41:00 PM,44131,910.25
5/1/2017 1:41:00 PM,45131,910.33
5/1/2017 1:42:00 PM,46818,910.25
5/1/2017 1:42:00 PM,47069,910.18
5/1/2017 1:42:00 PM,47074,910.18
5/1/2017 1:42:00 PM,47553,910.29
5/1/2017 1:43:00 PM,52137,910.2568
5/1/2017 1:43:00 PM,52565,910.19
5/1/2017 1:43:00 PM,52570,910.19
5/1/2017 1:43:00 PM,53276,910.08
5/1/2017 1:43:00 PM,53396,910.08
5/1/2017 1:43:00 PM,53686,910.08
5/1/2017 1:43:00 PM,53974,910.08
5/1/2017 1:43:00 PM,54170,910.08
5/1/2017 1:45:00 PM,54589,910.05
5/1/2017 1:45:00 PM,56311,910.15
5/1/2017 1:45:00 PM,56911,910.05
5/1/2017 1:45:00 PM,56993,910.05
5/1/2017 1:46:00 PM,57160,910.10
5/1/2017 1:46:00 PM,58689,910.14
5/1/2017 1:46:00 PM,59725,910.24
5/1/2017 1:47:00 PM,62278,910.2775
5/1/2017 1:47:00 PM,62886,910.301
5/1/2017 1:47:00 PM,64630,910.48
5/1/2017 1:47:00 PM,64779,910.48
5/1/2017 1:47:00 PM,65384,910.57
5/1/2017 1:48:00 PM,65781,910.372
5/1/2017 1:48:00 PM,66113,910.36
5/1/2017 1:48:00 PM,66117,910.36
5/1/2017 1:49:00 PM,66435,910.45
5/1/2017 1:49:00 PM,66676,910.45
5/1/2017 1:49:00 PM,66862,910.45
5/1/2017 1:49:00 PM,67113,910.415
5/1/2017 1:50:00 PM,67624,910.41
5/1/2017 1:50:00 PM,67777,910.41
5/1/2017 1:50:00 PM,68509,910.42
5/1/2017 1:50:00 PM,68577,910.42
5/1/2017 1:51:00 PM,69714,910.36
5/1/2017 1:51:00 PM,69790,910.36
5/1/2017 1:51:00 PM,69877,910.36
5/1/2017 1:51:00 PM,71128,910.485
5/1/2017 1:51:00 PM,71719,910.57
5/1/2017 1:52:00 PM,72190,910.53
5/1/2017 1:52:00 PM,72295,910.53
5/1/2017 1:52:00 PM,74587,910.48
5/1/2017 1:52:00 PM,74642,910.48
5/1/2017 1:53:00 PM,75270,910.53
5/1/2017 1:53:00 PM,75685,910.43
5/1/2017 1:53:00 PM,75868,910.43
5/1/2017 1:54:00 PM,76155,910.55
5/1/2017 1:54:00 PM,76771,910.5542
5/1/2017 1:54:00 PM,77040,910.6145
5/1/2017 1:54:00 PM,79162,910.675
5/1/2017 1:55:00 PM,79478,910.88
5/1/2017 1:55:00 PM,80285,910.82
5/1/2017 1:55:00 PM,80604,910.8057
5/1/2017 1:55:00 PM,81240,910.88
5/1/2017 1:55:00 PM,81876,910.89
5/1/2017 1:56:00 PM,82284,910.85
5/1/2017 1:56:00 PM,83159,910.82
5/1/2017 1:56:00 PM,84686,910.84
5/1/2017 1:56:00 PM,84699,910.84
5/1/2017 1:57:00 PM,85075,910.83
5/1/2017 1:57:00 PM,85584,910.82
5/1/2017 1:57:00 PM,89545,911.0525
5/1/2017 1:57:00 PM,89985,911.0368
5/1/2017 1:58:00 PM,90582,911.0297
5/1/2017 1:58:00 PM,92329,910.9986
5/1/2017 1:58:00 PM,93614,910.91
5/1/2017 1:59:00 PM,94013,910.91
5/1/2017 1:59:00 PM,94086,910.91
5/1/2017 1:59:00 PM,96120,910.99
5/1/2017 1:59:00 PM,97952,911.14
5/1/2017 2:00:00 PM,99256,911.08
5/1/2017 2:00:00 PM,99767,911.34
5/1/2017 2:00:00 PM,100609,911.22
5/1/2017 2:00:00 PM,100837,911.09
5/1/2017 2:00:00 PM,100870,911.09
5/1/2017 2:01:00 PM,101239,911.10
5/1/2017 2:01:00 PM,102112,911.15
5/1/2017 2:01:00 PM,103328,911.215
5/1/2017 2:02:00 PM,103926,911.05
5/1/2017 2:02:00 PM,104196,911.14
5/1/2017 2:02:00 PM,104287,911.14
5/1/2017 2:02:00 PM,104626,911.12
5/1/2017 2:03:00 PM,106856,910.82
5/1/2017 2:03:00 PM,107341,910.80
5/1/2017 2:03:00 PM,107774,910.74
5/1/2017 2:03:00 PM,107898,910.74
5/1/2017 2:04:00 PM,108400,910.94
5/1/2017 2:04:00 PM,108828,910.84
5/1/2017 2:04:00 PM,109136,910.84
5/1/2017 2:04:00 PM,109837,910.91
5/1/2017 2:04:00 PM,110071,910.91
5/1/2017 2:05:00 PM,110486,910.87
5/1/2017 2:05:00 PM,112116,911.02
5/1/2017 2:05:00 PM,112828,911.14
5/1/2017 2:06:00 PM,113476,911.2423
5/1/2017 2:06:00 PM,115226,911.48
5/1/2017 2:06:00 PM,115698,911.45
5/1/2017 2:06:00 PM,117360,911.4444
5/1/2017 2:07:00 PM,118712,911.48
5/1/2017 2:07:00 PM,120451,911.50
5/1/2017 2:07:00 PM,120823,911.51
5/1/2017 2:07:00 PM,124128,911.5241
5/1/2017 2:08:00 PM,125537,911.60
5/1/2017 2:08:00 PM,126616,911.7274
5/1/2017 2:08:00 PM,127245,911.91
5/1/2017 2:09:00 PM,129581,912.10
5/1/2017 2:09:00 PM,131100,912.1253
5/1/2017 2:09:00 PM,131257,912.16
5/1/2017 2:09:00 PM,133720,912.325
5/1/2017 2:10:00 PM,135862,912.38
5/1/2017 2:10:00 PM,136276,912.419
5/1/2017 2:10:00 PM,136735,912.454
5/1/2017 2:10:00 PM,137055,912.4028
5/1/2017 2:10:00 PM,137766,912.44
5/1/2017 2:11:00 PM,137948,912.44
5/1/2017 2:11:00 PM,137973,912.44
5/1/2017 2:11:00 PM,138706,912.4055
5/1/2017 2:12:00 PM,141724,912.34
5/1/2017 2:12:00 PM,142717,912.45
5/1/2017 2:12:00 PM,144203,912.61
5/1/2017 2:12:00 PM,145780,912.83
5/1/2017 2:12:00 PM,149844,912.63
5/1/2017 2:12:00 PM,149889,912.63
5/1/2017 2:12:00 PM,150027,912.63
5/1/2017 2:13:00 PM,152449,912.39
5/1/2017 2:13:00 PM,152493,912.39
5/1/2017 2:13:00 PM,152697,912.39
5/1/2017 2:14:00 PM,153790,912.56
5/1/2017 2:14:00 PM,154204,912.77
5/1/2017 2:15:00 PM,154749,912.5634
5/1/2017 2:15:00 PM,155004,912.644
5/1/2017 2:15:00 PM,156312,912.67
5/1/2017 2:15:00 PM,156437,912.8098
5/1/2017 2:16:00 PM,158772,912.45
5/1/2017 2:16:00 PM,158976,912.44
5/1/2017 2:16:00 PM,159097,912.5343
5/1/2017 2:16:00 PM,159548,912.5076
5/1/2017 2:17:00 PM,161936,912.39
5/1/2017 2:17:00 PM,162897,912.63
5/1/2017 2:17:00 PM,163495,912.78
5/1/2017 2:17:00 PM,163690,912.79
5/1/2017 2:18:00 PM,164706,912.7856
5/1/2017 2:18:00 PM,165067,912.91
5/1/2017 2:18:00 PM,165460,912.7426
5/1/2017 2:18:00 PM,166417,912.8737
5/1/2017 2:19:00 PM,166729,912.83
5/1/2017 2:19:00 PM,167469,912.7234
5/1/2017 2:19:00 PM,167879,912.88
5/1/2017 2:19:00 PM,171378,912.96
5/1/2017 2:20:00 PM,172915,912.90
5/1/2017 2:20:00 PM,173069,912.90
5/1/2017 2:20:00 PM,174118,912.8238
5/1/2017 2:20:00 PM,174818,912.6749
5/1/2017 2:20:00 PM,174869,912.6749
5/1/2017 2:20:00 PM,174979,912.6749
5/1/2017 2:21:00 PM,175308,912.4378
5/1/2017 2:21:00 PM,175446,912.57
5/1/2017 2:21:00 PM,175496,912.57
5/1/2017 2:22:00 PM,176876,912.59
5/1/2017 2:22:00 PM,177112,912.7414
5/1/2017 2:22:00 PM,177210,912.7414
5/1/2017 2:23:00 PM,177541,912.55
5/1/2017 2:23:00 PM,178143,912.53
5/1/2017 2:23:00 PM,178446,912.7197
5/1/2017 2:23:00 PM,178613,912.83
5/1/2017 2:24:00 PM,178870,912.74
5/1/2017 2:24:00 PM,179486,912.77
5/1/2017 2:24:00 PM,179679,912.78
5/1/2017 2:24:00 PM,180258,912.7872
5/1/2017 2:25:00 PM,180720,912.78
5/1/2017 2:25:00 PM,180946,912.7772
5/1/2017 2:25:00 PM,181106,912.6999
5/1/2017 2:25:00 PM,181768,912.74
5/1/2017 2:26:00 PM,182925,912.65
5/1/2017 2:26:00 PM,184509,912.90
5/1/2017 2:26:00 PM,185388,913.05
5/1/2017 2:26:00 PM,186058,913.0992
5/1/2017 2:27:00 PM,186323,913.05
5/1/2017 2:27:00 PM,187793,913.20
5/1/2017 2:27:00 PM,188111,913.2199
5/1/2017 2:28:00 PM,189517,913.26
5/1/2017 2:28:00 PM,190529,913.34
5/1/2017 2:28:00 PM,190644,913.34
5/1/2017 2:28:00 PM,191120,913.25
5/1/2017 2:28:00 PM,193417,913.49
5/1/2017 2:29:00 PM,194322,913.50
5/1/2017 2:29:00 PM,194450,913.42
5/1/2017 2:29:00 PM,196562,913.429
5/1/2017 2:30:00 PM,199110,913.25
5/1/2017 2:30:00 PM,199819,913.2619
5/1/2017 2:30:00 PM,201337,913.3099
5/1/2017 2:30:00 PM,201977,913.2503
5/1/2017 2:30:00 PM,202260,913.325
5/1/2017 2:31:00 PM,202925,913.33
5/1/2017 2:31:00 PM,203376,913.2656
5/1/2017 2:31:00 PM,203787,913.35
5/1/2017 2:31:00 PM,204720,913.39
5/1/2017 2:32:00 PM,205237,913.406
5/1/2017 2:32:00 PM,205870,913.4599
5/1/2017 2:32:00 PM,206177,913.4599
5/1/2017 2:33:00 PM,207076,913.4829
5/1/2017 2:33:00 PM,207349,913.555
5/1/2017 2:33:00 PM,207684,913.54
5/1/2017 2:33:00 PM,208279,913.5539
5/1/2017 2:34:00 PM,208709,913.61
5/1/2017 2:34:00 PM,217434,914.09
5/1/2017 2:34:00 PM,219222,913.81
5/1/2017 2:34:00 PM,219354,913.7651
5/1/2017 2:35:00 PM,222150,913.15
5/1/2017 2:35:00 PM,222454,913.29
5/1/2017 2:35:00 PM,222586,913.1958
5/1/2017 2:35:00 PM,223010,913.1958
5/1/2017 2:36:00 PM,224023,913.36
5/1/2017 2:36:00 PM,225178,913.3263
5/1/2017 2:36:00 PM,225981,913.58
5/1/2017 2:36:00 PM,226021,913.58
5/1/2017 2:36:00 PM,226116,913.58
5/1/2017 2:37:00 PM,226519,913.76
5/1/2017 2:37:00 PM,226642,913.76
5/1/2017 2:37:00 PM,226827,913.84
5/1/2017 2:38:00 PM,228256,914.0728
5/1/2017 2:38:00 PM,228964,914.11
5/1/2017 2:38:00 PM,233509,913.81
5/1/2017 2:38:00 PM,235637,913.71
5/1/2017 2:39:00 PM,236227,913.7243
5/1/2017 2:39:00 PM,238226,913.76
5/1/2017 2:39:00 PM,238757,913.81
5/1/2017 2:39:00 PM,238856,913.81
5/1/2017 2:40:00 PM,240088,913.55
5/1/2017 2:40:00 PM,241336,913.59
5/1/2017 2:40:00 PM,242138,913.3615
5/1/2017 2:40:00 PM,243708,913.61
5/1/2017 2:40:00 PM,243818,913.61
5/1/2017 2:40:00 PM,243847,913.61
5/1/2017 2:41:00 PM,244148,913.3707
5/1/2017 2:41:00 PM,244170,913.3707
5/1/2017 2:41:00 PM,244316,913.3707
5/1/2017 2:42:00 PM,244691,913.45
5/1/2017 2:42:00 PM,244807,913.44
5/1/2017 2:42:00 PM,244828,913.44
5/1/2017 2:43:00 PM,244978,913.475
5/1/2017 2:43:00 PM,247521,913.98
5/1/2017 2:43:00 PM,248035,914.00
5/1/2017 2:43:00 PM,250525,914.07
5/1/2017 2:44:00 PM,253821,913.524
5/1/2017 2:44:00 PM,254112,913.60
5/1/2017 2:44:00 PM,254584,913.65
5/1/2017 2:44:00 PM,255769,913.56
5/1/2017 2:45:00 PM,256269,913.66
5/1/2017 2:45:00 PM,257126,913.53
5/1/2017 2:45:00 PM,257498,913.751
5/1/2017 2:45:00 PM,257893,913.46
5/1/2017 2:46:00 PM,258266,913.8599
5/1/2017 2:46:00 PM,258501,913.8599
5/1/2017 2:46:00 PM,258815,913.60
5/1/2017 2:46:00 PM,259989,913.565
5/1/2017 2:47:00 PM,260725,913.39
5/1/2017 2:47:00 PM,261231,913.25
5/1/2017 2:47:00 PM,262611,913.5167
5/1/2017 2:48:00 PM,263015,913.5475
5/1/2017 2:48:00 PM,263224,913.4768
5/1/2017 2:48:00 PM,263524,913.4257
5/1/2017 2:48:00 PM,263536,913.4257
5/1/2017 2:49:00 PM,263965,913.4311
5/1/2017 2:49:00 PM,264194,913.475
5/1/2017 2:49:00 PM,264578,913.445
5/1/2017 2:49:00 PM,265451,913.61
5/1/2017 2:49:00 PM,265773,913.55
5/1/2017 2:49:00 PM,265785,913.55
5/1/2017 2:50:00 PM,266113,913.55
5/1/2017 2:50:00 PM,267067,913.60
5/1/2017 2:51:00 PM,267270,913.40
5/1/2017 2:51:00 PM,267690,913.56
5/1/2017 2:51:00 PM,268661,913.45
5/1/2017 2:51:00 PM,270823,913.10
5/1/2017 2:51:00 PM,271710,913.1161
5/1/2017 2:52:00 PM,273473,913.084
5/1/2017 2:52:00 PM,273648,913.084
5/1/2017 2:52:00 PM,274156,913.20
5/1/2017 2:53:00 PM,274573,913.37
5/1/2017 2:53:00 PM,274962,913.55
5/1/2017 2:53:00 PM,275497,913.6521
5/1/2017 2:53:00 PM,276214,913.49
5/1/2017 2:53:00 PM,276435,913.49
5/1/2017 2:53:00 PM,276454,913.49
5/1/2017 2:54:00 PM,277065,913.586
5/1/2017 2:54:00 PM,278821,913.58
5/1/2017 2:54:00 PM,279153,913.53
5/1/2017 2:54:00 PM,279157,913.53
5/1/2017 2:55:00 PM,279936,913.42
5/1/2017 2:55:00 PM,281314,913.35
5/1/2017 2:56:00 PM,282479,913.25
5/1/2017 2:56:00 PM,282713,913.21
5/1/2017 2:56:00 PM,283322,913.15
5/1/2017 2:56:00 PM,283407,913.15
5/1/2017 2:57:00 PM,283931,913.30
5/1/2017 2:57:00 PM,284162,913.30
5/1/2017 2:57:00 PM,285636,913.40
5/1/2017 2:57:00 PM,286375,913.35
5/1/2017 2:58:00 PM,288973,913.315
5/1/2017 2:58:00 PM,290095,913.83
5/1/2017 2:58:00 PM,290606,913.5035
5/1/2017 2:58:00 PM,291671,913.51
5/1/2017 2:58:00 PM,292119,913.51
5/1/2017 2:59:00 PM,294394,913.10
5/1/2017 2:59:00 PM,298512,912.79
5/1/2017 2:59:00 PM,298989,912.88
5/1/2017 3:00:00 PM,299182,912.82
5/1/2017 3:00:00 PM,299846,912.99
5/1/2017 3:00:00 PM,302776,913.19
5/1/2017 3:00:00 PM,303413,913.0668
5/1/2017 3:01:00 PM,304354,913.43
5/1/2017 3:01:00 PM,304600,913.45
5/1/2017 3:01:00 PM,305688,913.70
5/1/2017 3:01:00 PM,306682,913.51
5/1/2017 3:01:00 PM,306873,913.51
5/1/2017 3:02:00 PM,308137,913.626
5/1/2017 3:02:00 PM,309796,913.435
5/1/2017 3:02:00 PM,309801,913.435
5/1/2017 3:03:00 PM,311099,913.39
5/1/2017 3:03:00 PM,311299,913.375
5/1/2017 3:03:00 PM,312096,913.41
5/1/2017 3:04:00 PM,312510,913.655
5/1/2017 3:04:00 PM,313061,913.7650
5/1/2017 3:04:00 PM,313243,913.635
5/1/2017 3:04:00 PM,316159,913.47
5/1/2017 3:05:00 PM,316613,913.50
5/1/2017 3:05:00 PM,316660,913.50
5/1/2017 3:05:00 PM,316757,913.50
5/1/2017 3:05:00 PM,318996,913.63
5/1/2017 3:06:00 PM,319661,913.56
5/1/2017 3:06:00 PM,320472,913.64
5/1/2017 3:06:00 PM,320601,913.64
5/1/2017 3:06:00 PM,337815,913.60
5/1/2017 3:07:00 PM,338793,913.53
5/1/2017 3:07:00 PM,338866,913.53
5/1/2017 3:07:00 PM,339507,913.3706
5/1/2017 3:07:00 PM,340942,913.72
5/1/2017 3:07:00 PM,341001,913.72
5/1/2017 3:08:00 PM,341424,913.83
5/1/2017 3:08:00 PM,342235,913.99
5/1/2017 3:08:00 PM,342719,913.97
5/1/2017 3:09:00 PM,345323,914.04
5/1/2017 3:09:00 PM,346579,914.20
5/1/2017 3:09:00 PM,346791,914.245
5/1/2017 3:10:00 PM,347780,914.12
5/1/2017 3:10:00 PM,348128,914.055
5/1/2017 3:10:00 PM,348335,914.055
5/1/2017 3:10:00 PM,349285,914.14
5/1/2017 3:11:00 PM,349895,914.18
5/1/2017 3:11:00 PM,350822,914.34
5/1/2017 3:11:00 PM,350996,914.31
5/1/2017 3:11:00 PM,351215,914.34
5/1/2017 3:12:00 PM,351643,914.36
5/1/2017 3:12:00 PM,352268,914.33
5/1/2017 3:12:00 PM,354885,914.50
5/1/2017 3:12:00 PM,355668,914.57
5/1/2017 3:13:00 PM,355967,914.4942
5/1/2017 3:13:00 PM,356230,914.50
5/1/2017 3:13:00 PM,357724,914.44
5/1/2017 3:13:00 PM,359046,914.541
5/1/2017 3:14:00 PM,359236,914.53
5/1/2017 3:14:00 PM,360850,914.7431
5/1/2017 3:14:00 PM,361127,914.6688
5/1/2017 3:14:00 PM,363004,914.77
5/1/2017 3:15:00 PM,364171,914.72
5/1/2017 3:15:00 PM,364508,914.80
5/1/2017 3:15:00 PM,365247,914.86
5/1/2017 3:15:00 PM,365807,914.76
5/1/2017 3:16:00 PM,366430,914.88
5/1/2017 3:16:00 PM,367283,914.93
5/1/2017 3:16:00 PM,367291,914.93
5/1/2017 3:16:00 PM,367809,914.90
5/1/2017 3:17:00 PM,370034,914.57
5/1/2017 3:17:00 PM,370499,914.44
5/1/2017 3:17:00 PM,371153,914.5341
5/1/2017 3:17:00 PM,371307,914.595
5/1/2017 3:18:00 PM,371576,914.595
5/1/2017 3:18:00 PM,371609,914.595
5/1/2017 3:18:00 PM,372718,914.58
5/1/2017 3:18:00 PM,373403,914.55
5/1/2017 3:19:00 PM,373636,914.50
5/1/2017 3:19:00 PM,373844,914.51
5/1/2017 3:19:00 PM,375501,914.4903
5/1/2017 3:19:00 PM,375533,914.4903
5/1/2017 3:20:00 PM,377942,914.1839
5/1/2017 3:20:00 PM,379840,914.40
5/1/2017 3:20:00 PM,380940,914.575
5/1/2017 3:20:00 PM,381139,914.52
5/1/2017 3:21:00 PM,382196,914.4089
5/1/2017 3:21:00 PM,384167,914.32
5/1/2017 3:21:00 PM,384393,914.12
5/1/2017 3:21:00 PM,384598,914.384
5/1/2017 3:22:00 PM,385082,914.17
5/1/2017 3:22:00 PM,386819,914.4745
5/1/2017 3:22:00 PM,387273,914.2805
5/1/2017 3:22:00 PM,387350,914.2805
5/1/2017 3:23:00 PM,389077,914.50
5/1/2017 3:23:00 PM,389473,914.49
5/1/2017 3:23:00 PM,389729,914.455
5/1/2017 3:23:00 PM,391607,914.52
5/1/2017 3:24:00 PM,392428,914.53
5/1/2017 3:24:00 PM,394843,914.495
5/1/2017 3:24:00 PM,395044,914.37
5/1/2017 3:24:00 PM,405268,914.37
5/1/2017 3:25:00 PM,415554,914.37
5/1/2017 3:25:00 PM,415686,914.28
5/1/2017 3:25:00 PM,416603,914.32
5/1/2017 3:25:00 PM,417647,914.23
5/1/2017 3:26:00 PM,417903,914.15
5/1/2017 3:26:00 PM,417924,914.15
5/1/2017 3:26:00 PM,420516,914.43
5/1/2017 3:26:00 PM,421376,914.5539
5/1/2017 3:26:00 PM,421559,914.5539
5/1/2017 3:27:00 PM,422678,914.55
5/1/2017 3:27:00 PM,423233,914.471
5/1/2017 3:27:00 PM,423352,914.471
5/1/2017 3:28:00 PM,423841,914.7525
5/1/2017 3:28:00 PM,424898,914.79
5/1/2017 3:28:00 PM,425497,914.88
5/1/2017 3:28:00 PM,426478,914.76
5/1/2017 3:29:00 PM,426829,914.675
5/1/2017 3:29:00 PM,427158,914.675
5/1/2017 3:29:00 PM,428309,914.80
5/1/2017 3:29:00 PM,430425,914.76
5/1/2017 3:30:00 PM,435648,914.855
5/1/2017 3:30:00 PM,435864,914.855
5/1/2017 3:30:00 PM,439986,915.00
5/1/2017 3:30:00 PM,440877,914.96
5/1/2017 3:31:00 PM,441109,914.94
5/1/2017 3:31:00 PM,442288,914.99
5/1/2017 3:31:00 PM,449312,915.19
5/1/2017 3:32:00 PM,451202,915.04
5/1/2017 3:32:00 PM,451414,915.05
5/1/2017 3:32:00 PM,452380,915.19
5/1/2017 3:32:00 PM,454060,915.30
5/1/2017 3:32:00 PM,454089,915.30
5/1/2017 3:33:00 PM,455070,915.47
5/1/2017 3:33:00 PM,456819,915.51
5/1/2017 3:33:00 PM,457264,915.56
5/1/2017 3:34:00 PM,458414,915.55
5/1/2017 3:34:00 PM,460270,915.52
5/1/2017 3:34:00 PM,460493,915.52
5/1/2017 3:34:00 PM,461065,915.44
5/1/2017 3:35:00 PM,461437,915.49
5/1/2017 3:35:00 PM,463134,915.20
5/1/2017 3:35:00 PM,464036,915.15
5/1/2017 3:35:00 PM,465601,915.1108
5/1/2017 3:36:00 PM,466384,915.11
5/1/2017 3:36:00 PM,467928,915.14
5/1/2017 3:36:00 PM,468480,915.3033
5/1/2017 3:36:00 PM,469799,915.384
5/1/2017 3:37:00 PM,470275,915.50
5/1/2017 3:37:00 PM,471206,915.40
5/1/2017 3:37:00 PM,471926,915.3036
5/1/2017 3:37:00 PM,472707,915.48
5/1/2017 3:37:00 PM,473759,915.62
5/1/2017 3:38:00 PM,475585,915.57
5/1/2017 3:38:00 PM,476400,915.52
5/1/2017 3:38:00 PM,476716,915.3401
5/1/2017 3:39:00 PM,478115,915.39
5/1/2017 3:39:00 PM,478152,915.39
5/1/2017 3:39:00 PM,479698,915.378
5/1/2017 3:39:00 PM,480236,915.40
5/1/2017 3:40:00 PM,482413,915.19
5/1/2017 3:40:00 PM,482873,915.17
5/1/2017 3:40:00 PM,486591,915.35
5/1/2017 3:40:00 PM,486663,915.35
5/1/2017 3:41:00 PM,486843,915.30
5/1/2017 3:41:00 PM,487788,915.1614
5/1/2017 3:41:00 PM,490086,915.13
5/1/2017 3:41:00 PM,490496,915.13
5/1/2017 3:42:00 PM,491434,915.02
5/1/2017 3:42:00 PM,492330,915.00
5/1/2017 3:42:00 PM,493975,915.00
5/1/2017 3:42:00 PM,494762,915.03
5/1/2017 3:43:00 PM,498105,915.34
5/1/2017 3:43:00 PM,498366,915.34
5/1/2017 3:43:00 PM,500321,915.2385
5/1/2017 3:43:00 PM,500561,915.23
5/1/2017 3:44:00 PM,502004,915.12
5/1/2017 3:44:00 PM,503233,915.175
5/1/2017 3:44:00 PM,504515,915.122
5/1/2017 3:44:00 PM,506430,915.0392
5/1/2017 3:44:00 PM,506553,915.0392
5/1/2017 3:45:00 PM,509040,914.42
5/1/2017 3:45:00 PM,509479,914.65
5/1/2017 3:46:00 PM,510154,914.69
5/1/2017 3:46:00 PM,510735,914.73
5/1/2017 3:46:00 PM,511628,914.74
5/1/2017 3:46:00 PM,512632,914.74
5/1/2017 3:46:00 PM,513861,914.8374
5/1/2017 3:47:00 PM,514914,914.83
5/1/2017 3:47:00 PM,516041,914.84
5/1/2017 3:47:00 PM,516762,915.12
5/1/2017 3:48:00 PM,518576,915.01
5/1/2017 3:48:00 PM,519190,915.01
5/1/2017 3:48:00 PM,520279,915.08
5/1/2017 3:48:00 PM,521106,915.25
5/1/2017 3:49:00 PM,522992,915.60
5/1/2017 3:49:00 PM,525035,915.40
5/1/2017 3:49:00 PM,525152,915.40
5/1/2017 3:49:00 PM,525674,915.23
5/1/2017 3:50:00 PM,530203,914.88
5/1/2017 3:50:00 PM,532144,914.32
5/1/2017 3:50:00 PM,534131,914.41
5/1/2017 3:50:00 PM,535174,914.05
5/1/2017 3:50:00 PM,536777,914.08
5/1/2017 3:51:00 PM,538129,914.09
5/1/2017 3:51:00 PM,540200,914.09
5/1/2017 3:51:00 PM,543314,914.00
5/1/2017 3:52:00 PM,546413,914.05
5/1/2017 3:52:00 PM,548611,914.40
5/1/2017 3:52:00 PM,549463,914.15
5/1/2017 3:52:00 PM,549875,914.095
5/1/2017 3:53:00 PM,552420,914.09
5/1/2017 3:53:00 PM,555254,913.85
5/1/2017 3:53:00 PM,556126,913.8447
5/1/2017 3:53:00 PM,558051,913.778
5/1/2017 3:54:00 PM,562439,914.13
5/1/2017 3:54:00 PM,564418,914.10
5/1/2017 3:54:00 PM,565823,913.83
5/1/2017 3:54:00 PM,566378,913.80
5/1/2017 3:55:00 PM,567915,913.90
5/1/2017 3:55:00 PM,569506,913.83
5/1/2017 3:55:00 PM,575742,913.94
5/1/2017 3:55:00 PM,580453,914.00
5/1/2017 3:56:00 PM,582917,914.06
5/1/2017 3:56:00 PM,587713,914.10
5/1/2017 3:56:00 PM,588979,914.085
5/1/2017 3:56:00 PM,592004,914.00
5/1/2017 3:57:00 PM,594053,913.92
5/1/2017 3:57:00 PM,596874,914.18
5/1/2017 3:57:00 PM,598399,913.99
5/1/2017 3:57:00 PM,600070,913.78
5/1/2017 3:58:00 PM,603973,913.68
5/1/2017 3:58:00 PM,604889,913.65
5/1/2017 3:58:00 PM,608301,913.34
5/1/2017 3:58:00 PM,612328,913.35
5/1/2017 3:59:00 PM,621573,913.20
5/1/2017 3:59:00 PM,627409,913.10
5/1/2017 3:59:00 PM,638000,913.50
5/1/2017 3:59:00 PM,653749,912.57
5/1/2017 4:00:00 PM,746205,912.57
5/1/2017 4:00:00 PM,794076,912.57
5/1/2017 4:00:00 PM,794176,912.57
5/1/2017 4:00:00 PM,794309,912.57
5/1/2017 4:00:00 PM,794322,912.57
5/1/2017 4:00:00 PM,794865,912.57
5/1/2017 4:00:00 PM,794965,912.57
5/1/2017 4:00:00 PM,805237,912.57
5/1/2017 4:00:00 PM,805249,912.57
5/1/2017 4:00:00 PM,805349,912.57
5/1/2017 4:00:00 PM,805354,912.57
5/1/2017 4:00:00 PM,805355,912.57
5/1/2017 4:00:00 PM,808295,912.57
5/1/2017 4:00:00 PM,808296,912.57
5/1/2017 4:00:00 PM,2114577,912.57
5/1/2017 4:00:00 PM,2114582,912.57
5/1/2017 4:00:00 PM,2114583,912.57
5/1/2017 4:00:00 PM,2114584,912.57
5/1/2017 4:00:00 PM,2114585,912.57
5/1/2017 4:00:00 PM,2114595,912.57
